canonical_url,url_id
https://vnexpress.net/cham-mot-nhip-cong-nghe-viet-nam-co-the-lo-co-hoi-tang-truong-5064726.html,ab8cbe8fcf7e
https://vnexpress.net/phi-hanh-doan-artemis-ii-va-tram-thien-cung-lap-ky-luc-khoang-cach-5064607.html,abd34b2c07b8
https://vnexpress.net/cang-ung-dung-ai-doanh-nghiep-cang-can-nguoi-lam-cong-nghe-5058526.html,f1bd84c68b9c
https://vnexpress.net/ten-lua-tai-su-dung-blue-origin-dua-ve-tinh-len-sai-quy-dao-5064536.html,deedb668f542
https://vnexpress.net/62-nguoi-viet-chon-goi-cuoc-internet-200-000-300-000-dong-5064153.html,923f981b8ac7
https://vnexpress.net/tcl-mang-tv-cong-nghe-rgb-va-sqd-mini-led-ve-viet-nam-5064526.html,01bb92773f36
https://vnexpress.net/ba-giam-doc-openai-thong-bao-nghi-viec-cung-ngay-5064434.html,78a32459062e
https://vnexpress.net/40-trung-tam-du-lieu-ai-tai-my-co-the-cham-tien-do-5064173.html,2254277ff542
https://vnexpress.net/nasa-len-ke-hoach-do-bo-mat-trang-73-lan-5063340.html,b1865dad241d
https://vnexpress.net/loi-the-khi-openclaw-trien-khai-tren-cloud-5063333.html,76e3f093c2e4
https://vnexpress.net/hon-300-robot-hinh-nguoi-thi-chay-ban-marathon-tai-trung-quoc-5064144.html,57d98ffd839f
https://vnexpress.net/apple-tang-truong-ky-luc-tai-trung-quoc-nho-iphone-17-5063911.html,68e9ae7bb05e
https://vnexpress.net/iphone-18-pro-lo-dien-mau-sac-moi-5063914.html,f5e4ea740106
https://vnexpress.net/robot-hinh-nguoi-lan-dau-lap-rap-tablet-trong-nha-may-5063536.html,81930a953cbb
https://vnexpress.net/bon-tinh-nang-apple-intelligence-co-the-xuat-hien-tren-iphone-18-5063413.html,a24a1eb254eb
https://vnexpress.net/lay-y-kien-du-thao-danh-muc-12-cong-nghe-chien-luoc-5063779.html,5c193792fde9
https://vnexpress.net/apple-doc-toan-luc-vao-vat-lieu-nhom-5063633.html,e7e791f284f5
https://vnexpress.net/thiet-bi-cat-cap-sau-3-500-met-cua-trung-quoc-5063237.html,4ae7f9009240
https://vnexpress.net/ten-lua-blue-origin-thu-nghiem-truoc-chuyen-bay-lai-dau-tien-5063582.html,6716fb7ec00d
https://vnexpress.net/ipad-air-m4-hieu-nang-macbook-tren-may-tinh-bang-5063087.html,1d1e2c1fdae2
https://vnexpress.net/dau-so-vien-thong-1515-duoc-dau-gia-mot-ty-dong-5063392.html,2f1a648a683c
https://vnexpress.net/video-robot-hinh-nguoi-duoi-lon-rung-gay-sot-5063120.html,8d1c0c34c865
https://vnexpress.net/nhiem-vu-artemis-ii-dat-moc-nao-trong-10-ngay-bay-quanh-mat-trang-5062945.html,fe0164e23ab7
https://vnexpress.net/ben-trong-dieu-hoa-6-trieu-dong-dung-may-nen-inverter-5063154.html,0443a07eada5
https://vnexpress.net/my-phat-trien-chip-chiu-duoc-muc-nhiet-700-do-c-5062078.html,91deffed529f
https://vnexpress.net/ban-khoan-khi-vneid-khong-hien-thi-du-thue-bao-chinh-chu-5063148.html,6c373f7a44ba
https://vnexpress.net/trung-quoc-van-hanh-tau-container-dien-10-000-tan-dau-tien-5063133.html,924fe9363e89
https://vnexpress.net/dien-thoai-trump-tiep-tuc-lam-moi-thiet-ke-5062994.html,a25ac61e6671
https://vnexpress.net/nhung-hieu-nham-voi-quy-dinh-moi-ve-xac-nhan-sim-chinh-chu-5062874.html,8003b489b233
https://vnexpress.net/iphone-gap-co-the-bi-lui-lich-san-xuat-5062421.html,e8605d38d9ce
https://vnexpress.net/nasa-dieu-tra-hieu-qua-tam-chan-nhiet-ngay-khi-tau-artemis-ii-ha-canh-5062838.html,5bca645529d3
https://vnexpress.net/hai-cach-tra-cuu-cac-so-dien-thoai-dang-dung-ten-5062887.html,aae84ac384fe
https://vnexpress.net/nguoi-dung-messenger-gap-kho-khi-dong-bo-lich-su-chat-5062953.html,f776038598b0
https://vnexpress.net/san-thuong-mai-dien-tu-viet-tich-hop-trong-gan-20-ung-dung-ngan-hang-5062977.html,71839e0f3502
https://vnexpress.net/robot-hinh-nguoi-trung-quoc-tien-sat-ky-luc-toc-do-cua-nguoi-5062685.html,639479ea54da
https://vnexpress.net/ai-co-the-rut-ngan-10-thang-lam-viec-cua-ky-su-nvidia-con-mot-dem-5062418.html,bbf99a91384d
https://vnexpress.net/doanh-nghiep-nho-la-cua-ngo-cac-cuoc-tan-cong-mang-5062672.html,f0c00151f844
https://vnexpress.net/nguoi-viet-co-the-ket-noi-du-lieu-gmail-youtube-de-ca-nhan-hoa-gemini-5062631.html,5860fad6cb29
https://vnexpress.net/nhieu-nguoi-xep-hang-cho-xac-thuc-so-dien-thoai-5062719.html,37e2888868b0
https://vnexpress.net/khong-xac-thuc-thue-bao-ngay-15-4-co-bi-khoa-sim-5062673.html,e488bac91d1e
https://vnexpress.net/cach-trung-quoc-chinh-phuc-cong-nghe-tau-cao-toc-5062388.html,764142027d29
https://vnexpress.net/xac-thuc-thue-bao-2026-khac-gi-dot-chuan-hoa-du-lieu-2023-5062331.html,a83d7b74bb16
https://vnexpress.net/viet-nam-dat-an-toan-la-hang-dau-khi-phat-trien-dien-hat-nhan-5062409.html,ea91913b33d2
https://vnexpress.net/hom-nay-bat-dau-xac-nhan-sim-chinh-chu-bang-vneid-5062426.html,f64ec2a1e487
https://vnexpress.net/epson-eb-l690u-may-chieu-tuoi-tho-30-000-gio-5062420.html,2bbdf3e26bf0
https://vnexpress.net/cach-tu-xac-nhan-sim-chinh-chu-tren-vneid-5062267.html,bb515f335950
https://vnexpress.net/nhung-hoat-dong-thuc-day-tri-tue-nhan-tao-tai-ai-day-2026-5062646.html,7a012a9bc1f8
https://vnexpress.net/nhieu-chu-thue-bao-di-xac-thuc-vi-hieu-nham-se-bi-khoa-sim-5062375.html,588e9339596c
https://vnexpress.net/trung-quoc-phat-trien-tinh-the-giup-dinh-vi-khong-can-gps-5062102.html,6ae2fc9f40fe
https://vnexpress.net/thu-nghiem-dua-100-000-usd-cho-ai-mo-cua-hang-5061707.html,8c66f8f65d20
https://vnexpress.net/tai-sao-artemis-ii-khong-bay-thang-ma-luon-vong-hinh-so-8-5061965.html,9b3d21095b8e
https://vnexpress.net/thue-bao-khong-dung-smartphone-se-xac-thuc-the-nao-5061758.html,639294a694e0
https://vnexpress.net/mot-so-ai-bao-che-nhau-de-tranh-bi-tat-5060631.html,42eea88a211e
https://vnexpress.net/huawei-ban-smartphone-gap-man-hinh-rong-truoc-apple-samsung-5061996.html,9cd6daccbc21
https://vnexpress.net/ho-tro-1-ty-dong-moi-nam-cho-nghien-cuu-sinh-xuat-sac-5061984.html,b581bc4ad3f1
https://vnexpress.net/ha-noi-dat-muc-tieu-100-co-quan-nha-nuoc-ung-dung-ai-5061915.html,d307bc473277
https://vnexpress.net/cong-cuoc-tinh-toan-phia-sau-cu-ha-canh-hoan-hao-cua-artemis-ii-5061786.html,b92407e199ec
https://vnexpress.net/macbook-neo-moi-de-doa-voi-laptop-windows-gia-re-5061842.html,28ba787176d5
https://vnexpress.net/dau-gia-quyen-su-dung-ma-so-vien-thong-khoi-diem-250-trieu-dong-5061805.html,b3ed8a5f97bc
https://vnexpress.net/trung-quoc-phat-trien-ky-thuat-tao-chip-2d-nhanh-1-000-lan-5061636.html,9fec26d4bf45
https://vnexpress.net/ai-can-xac-nhan-sim-chinh-chu-tren-vneid-5061702.html,9f1493d5799c
https://vnexpress.net/ai-la-co-hoi-vang-de-cntt-viet-nam-ru-bo-chiec-ao-thau-phu-5060849.html,c4992a51e8fe
https://vnexpress.net/thiet-ke-vat-chi-bao-khong-trong-luc-artemis-ii-cua-cau-be-8-tuoi-5061511.html,b357473ab36e
https://vnexpress.net/iphone-gap-co-the-mang-ten-ultra-pin-5-800-mah-5061320.html,619b6e87c5f9
https://vnexpress.net/su-menh-mat-trang-tiep-theo-sau-thanh-cong-cua-artemis-ii-la-gi-5061435.html,27740c307a15
https://vnexpress.net/nhieu-nhan-vien-pha-ai-vi-so-bi-sa-thai-5060373.html,e77ab99fed66
https://vnexpress.net/phi-hanh-doan-artemis-ii-trai-dat-nhu-thuyen-cuu-sinh-lo-lung-trong-vu-tru-5061401.html,fb2c40df45fb
https://vnexpress.net/nha-cua-ong-chu-chatgpt-bi-tan-cong-bang-thiet-bi-gay-chay-5061351.html,b0bd7d45a83f
https://vnexpress.net/10-ngay-du-hanh-quanh-trai-dat-mat-trang-cua-artemis-ii-5061326.html,a3135f5d6d39
https://vnexpress.net/youtube-noi-viec-hien-thi-quang-cao-90-giay-la-loi-ky-thuat-5061319.html,10cd8cb85cd8
https://vnexpress.net/10-thay-doi-du-kien-tren-iphone-18-pro-5058375.html,6f457cae0715
https://vnexpress.net/hang-chuc-nghin-nhan-su-cong-nghe-bi-sa-thai-vi-ai-5060956.html,b1d6521700bb
https://vnexpress.net/hanh-trinh-ve-trai-dat-cua-phi-hanh-doan-artemis-ii-5061199.html,c621e9e77f50
https://vnexpress.net/nha-mang-khuyen-khich-xac-thuc-thong-tin-thue-bao-truoc-ngay-quy-dinh-5061108.html,105cbb4f3df5
https://vnexpress.net/phi-hanh-doan-artemis-ii-roi-khoi-tau-orion-tren-bien-5061139.html,7b3dfe9f3ebb
https://vnexpress.net/phi-hanh-doan-artemis-ii-ha-canh-thanh-cong-ngoai-khoi-san-diego-5061105.html,4523804a2092
https://vnexpress.net/huan-luyen-ai-loi-mo-cho-chuyen-gia-lon-tuoi-5060086.html,ad913496c838
https://vnexpress.net/samsung-va-nic-phat-trien-giao-duc-stem-cho-hoc-sinh-viet-5061158.html,805bd467a202
https://vnexpress.net/nha-khoa-hoc-tim-cach-de-nhieu-nguoi-duoc-dung-sam-ngoc-linh-5060928.html,0f2e48fd7f4e
https://vnexpress.net/my-cam-bao-nhieu-la-co-tren-mat-trang-trong-chuong-trinh-apollo-5060953.html,bc233a617152
https://vnexpress.net/ai-dang-khien-sinh-vien-na-na-nhau-5060802.html,0afab59e2e1c
https://vnexpress.net/huawei-tim-duong-ghi-dau-an-tro-lai-o-viet-nam-5060970.html,be8c297781bf
https://vnexpress.net/phi-hanh-doan-artemis-ii-dap-xuong-trai-dat-the-nao-5060892.html,8fcc9e3252cc
https://vnexpress.net/macbook-neo-chay-hang-tai-viet-nam-5060593.html,540c13799c11
https://vnexpress.net/ly-do-anh-cua-artemis-ii-xuat-hien-sao-con-apollo-toi-den-5060547.html,d586805bf77b
https://vnexpress.net/phi-hanh-doan-artemis-ii-vuot-nua-duong-ve-trai-dat-5060755.html,a54f6fc6fe9f
https://vnexpress.net/cuoc-dau-cua-hai-cong-cu-ai-tai-cong-so-trung-quoc-5060299.html,ed301de64b3f
https://vnexpress.net/camera-tren-xiaomi-17-ultra-chat-anh-leica-tao-khac-biet-5053935.html,c5e8f7d5db94
https://vnexpress.net/dien-may-xanh-phan-phoi-may-loc-nuoc-lam-lanh-sau-kangaroo-5059377.html,33985ca4f034
https://vnexpress.net/vi-sao-co-my-tren-mat-trang-bay-du-thieu-gio-5060591.html,ca69785cbbec
https://vnexpress.net/iphone-17-pro-max-ban-chay-nhat-cuoi-nam-2025-5060296.html,8638da7cfd91
https://vnexpress.net/thong-tin-danh-tinh-cha-de-bitcoin-ro-tro-lai-5060504.html,bafdf6553949
https://vnexpress.net/anh-chup-phong-dieu-khien-tai-nasa-thu-hut-chu-y-5060370.html,24009a986201
https://vnexpress.net/vi-sao-messenger-canh-bao-co-nguoi-chup-man-hinh-5059197.html,16851ef3f19b
https://vnexpress.net/trang-trai-lap-2-23-trieu-tam-pin-mat-troi-hoat-dong-tai-lao-5060195.html,5f4848be9fde
https://vnexpress.net/nhom-sieu-tri-tue-cua-meta-ra-mo-hinh-ai-dau-tien-5060261.html,9a69d1049c5e
https://vnexpress.net/cuu-nhan-vien-meta-bi-dieu-tra-vi-tai-30-000-anh-rieng-tu-nguoi-dung-5060342.html,6309236a6108
https://vnexpress.net/man-hinh-mini-led-98-inch-gia-50-trieu-dong-cua-xiaomi-5060050.html,cdd98b43a1d4
https://vnexpress.net/nhieu-nguoi-nhin-trom-man-hinh-smartphone-nguoi-khac-noi-cong-cong-5059746.html,0cd2a697524d
https://vnexpress.net/toan-canh-chuyen-bay-qua-phia-sau-mat-trang-cua-artemis-ii-5059894.html,6d583df708cf
https://vnexpress.net/tai-sao-sau-54-nam-my-moi-quay-lai-mat-trang-5059699.html,3d94d78ee495
https://vnexpress.net/canh-trai-dat-moc-chup-boi-phi-hanh-doan-artemis-ii-5059294.html,dfbee41787b3
https://vnexpress.net/startup-ai-viet-voi-noi-lo-chiec-xe-goong-tren-duong-ray-tau-hoa-5058742.html,e77e929ee769
https://vnexpress.net/viet-nam-dat-muc-tieu-10-nguoi-dan-co-mot-nguoi-khoi-nghiep-5059728.html,c0533ca6bbfc
https://vnexpress.net/iphone-man-hinh-gap-co-the-tre-hen-5059755.html,9c13652fd235
https://vnexpress.net/pgs-ts-vu-hai-quan-giu-chuc-bo-truong-bo-khoa-hoc-va-cong-nghe-5059734.html,c0dc1fd958d1
https://vnexpress.net/openclaw-dinh-lo-hong-bao-mat-nghiem-trong-5059869.html,1b4588b727b5
https://vnexpress.net/meta-ra-mat-tro-ly-ao-tu-dong-tra-loi-tin-nhan-ban-hang-tai-viet-nam-5059650.html,4f322b086abe
https://vnexpress.net/cuoc-dau-noi-bo-o-openai-tao-nen-anthropic-the-nao-5057015.html,6242658825ab
https://vnexpress.net/gan-40-nha-khoa-hoc-thao-luan-ve-quang-tu-asean-5060166.html,356a95920970
https://vnexpress.net/cong-cu-danh-gia-nang-luc-day-hoc-cua-mo-hinh-ai-tieng-viet-5059591.html,68f01678c1a9
https://vnexpress.net/nasa-cong-bo-anh-trai-dat-lan-nhin-tu-phia-xa-mat-trang-5059704.html,4ee7fc8eee90
https://vnexpress.net/macbook-neo-bat-dau-ban-ngay-9-4-tai-viet-nam-5059557.html,8d678e3be78b
https://vnexpress.net/buoc-tien-cua-trung-quoc-voi-chip-ai-noi-dia-5057502.html,31d40e571d8d
https://vnexpress.net/biet-dung-ai-tieu-chi-tuyen-dung-moi-cua-cong-ty-cong-nghe-viet-5056487.html,2d6c8da4e83b
https://vnexpress.net/tong-thong-trump-artemis-ii-da-lam-nen-lich-su-5059480.html,e5e06d4c3069
https://vnexpress.net/christina-koch-nguoi-phu-nu-dau-tien-bay-quanh-mat-trang-5058900.html,ebac754cc326
https://vnexpress.net/phi-hanh-doan-artemis-ii-quan-sat-nhat-thuc-dac-biet-5059314.html,3254281ebf4d
https://vnexpress.net/artemis-ii-lap-ky-luc-moi-ve-khoang-cach-5059292.html,155e85df51ed
https://vnexpress.net/phi-hanh-doan-artemis-ii-bi-co-lap-phia-sau-mat-trang-5059290.html,754fea2573d9
https://vnexpress.net/artemis-ii-bay-qua-phia-sau-mat-trang-5059264.html,cb37847f30e8
https://vnexpress.net/mo-hop-tai-nghe-airpods-max-2-gia-15-trieu-dong-5059021.html,492e1c943012
https://vnexpress.net/gia-dram-du-bao-tang-63-trong-quy-ii-2026-5057878.html,9a57cf58bb6d
https://vnexpress.net/linkedin-quet-du-lieu-trinh-duyet-cua-nguoi-dung-5058850.html,a3f84a37604f
https://vnexpress.net/tham-vong-cua-trung-quoc-trong-cuoc-dua-mat-trang-5058891.html,15ae01255e0e
https://vnexpress.net/phi-hanh-doan-artemis-ii-vao-vung-khong-gian-mat-trang-5059038.html,9bfe429e31ec
https://vnexpress.net/sap-dien-ra-41-phut-tinh-lang-sau-mat-trang-cua-artemis-ii-5058903.html,bfcd04fe7ede
https://vnexpress.net/smartphone-sieu-mong-co-pin-5-000-mah-ba-camera-5058648.html,9ec0141b740e
https://vnexpress.net/cong-nghe-giup-truyen-du-lieu-khi-tau-orion-bay-quanh-mat-trang-5058631.html,9b2f3d2332c5
https://vnexpress.net/cac-cot-moc-lich-su-artemis-ii-du-kien-xac-lap-sang-nay-5059250.html,fffe7d263944
https://vnexpress.net/dien-bien-thu-nghiem-uav-phun-phan-bon-cho-cay-ca-phe-5059211.html,4df2190bb48b
https://vnexpress.net/loa-di-dong-dau-tien-ho-tro-bluetooth-6-0-gia-mot-trieu-dong-5058851.html,433a3596acaa
https://vnexpress.net/chon-galaxy-s26-series-theo-nhu-cau-thuc-te-5058913.html,f096645b9ce0
https://vnexpress.net/phi-hanh-gia-artemis-ii-an-gi-tren-tau-vu-tru-5058711.html,2a6703d6313d
https://vnexpress.net/tranh-luan-ve-anh-chup-trai-dat-cach-day-54-nam-sang-dep-hon-2026-5058675.html,5692b77714a1
https://vnexpress.net/su-co-dai-dang-voi-nha-ve-sinh-23-trieu-usd-cua-artemis-ii-5058762.html,7305d8d24218
https://vnexpress.net/iphone-duoc-chon-su-dung-tren-artemis-ii-the-nao-5058645.html,ebf43424ece7
https://vnexpress.net/anh-can-canh-mat-trang-dau-tien-chup-tu-artemis-ii-5058698.html,c65d2c0cdfec
https://vnexpress.net/5-mau-sac-nhanh-tren-100-w-tich-hop-man-hinh-5057399.html,f7238adf130b
https://vnexpress.net/iphone-18-pro-co-the-khong-con-mau-den-5057875.html,85cbd1bbeda8
https://vnexpress.net/nha-ve-sinh-23-trieu-usd-tren-artemis-ii-5058649.html,01c4011e0c56
https://vnexpress.net/toan-canh-trai-dat-nhin-tu-artemis-ii-5058531.html,0b177ca88cf7
https://vnexpress.net/phi-hanh-doan-artemis-ii-vuot-moc-nua-duong-toi-mat-trang-5058538.html,e57a2a8fd600
https://vnexpress.net/nhan-vien-duy-nhat-van-lam-tai-apple-sau-50-nam-5058341.html,57ce6d27b6f7
https://vnexpress.net/doi-sim-sang-dien-thoai-moi-phai-xac-thuc-khuon-mat-5058317.html,228c177fe8a7
https://vnexpress.net/diem-dac-biet-cua-bon-phi-hanh-gia-artemis-ii-5058371.html,277db96ade06
https://vnexpress.net/thanh-tri-airdrop-cua-apple-lung-lay-5056424.html,2e80490df3a4
https://vnexpress.net/hang-loat-to-chuc-keu-goi-chan-rac-ai-tren-youtube-kids-5057464.html,faf152971a97
https://vnexpress.net/microsoft-copilot-chi-cho-muc-dich-giai-tri-5058376.html,3802c9920938
https://vnexpress.net/nhom-sinh-vien-phat-trien-giai-phap-truy-xuat-thong-tin-y-te-bang-qr-5058475.html,13337cc0f7a8
https://vnexpress.net/dao-dien-viet-quay-video-360-do-bang-8-chiec-iphone-17-pro-5058316.html,9b3c531aefa0
https://vnexpress.net/phi-hanh-gia-artemis-ii-gap-kho-voi-microsoft-outlook-5058195.html,3b369cf5237c
https://vnexpress.net/ba-gia-dinh-dung-thiet-bi-kich-song-trai-phep-bi-xu-ly-5058296.html,cd2eb9ea49e2
https://vnexpress.net/nguoi-dung-di-dong-tu-xac-thuc-sim-chinh-chu-tren-vneid-5058131.html,cc7dd62e5d2a
https://vnexpress.net/chuong-trinh-mat-trang-moi-cua-my-khac-gi-54-nam-truoc-5057892.html,5a694f7eb891
https://vnexpress.net/phong-thanh-cong-ve-tinh-tu-nhan-make-in-vietnam-5058091.html,b53353d14ba6
https://vnexpress.net/tp-hcm-muon-thuc-day-he-sinh-thai-nong-nghiep-cong-nghe-cao-5058211.html,90b5168b66e2
https://vnexpress.net/viet-nam-va-han-quoc-hop-tac-phat-trien-cong-nghe-chien-luoc-5057969.html,2e936b68506e
https://vnexpress.net/tau-orion-roi-quy-dao-trai-dat-tien-den-mat-trang-5057964.html,cafcebdb4fda
https://vnexpress.net/nhung-ong-lon-tham-gia-che-tao-ten-lua-va-tau-vu-tru-trong-artemis-ii-5057795.html,20942e666fa4
https://vnexpress.net/robot-dau-tien-co-gie-lau-rung-mo-rong-cua-roborock-5057727.html,96b9f7f2310e
https://vnexpress.net/phi-hanh-gia-artemis-ii-mang-iphone-vao-vu-tru-5057864.html,59aac7d5cf0a
https://vnexpress.net/robotics-viet-nam-co-hoi-nam-o-bai-toan-thuc-dia-5057137.html,53ee129fceeb
https://vnexpress.net/ly-do-viet-nam-dieu-chinh-danh-muc-cong-nghe-chien-luoc-5057646.html,3b5c0812009f
https://vnexpress.net/meta-sap-dong-cua-trang-messenger-5057883.html,2d5d8c1def35
https://vnexpress.net/my-trien-khai-may-bay-737-bi-mat-nhat-the-gioi-cho-vu-phong-artemis-ii-5057827.html,883db5cff637
https://vnexpress.net/fpt-shop-cho-su-dung-thu-iphone-15-trong-30-ngay-5058241.html,baeaba012a03
https://vnexpress.net/tai-sao-trang-phuc-cua-phi-hanh-gia-artemis-ii-co-mau-cam-5057694.html,c09946dca57a
https://vnexpress.net/nhung-thi-nghiem-cho-su-hien-dien-cua-con-nguoi-tren-mat-trang-5057538.html,815f02fe24f3
https://vnexpress.net/mot-chu-tau-bi-phat-70-trieu-dong-vi-su-dung-starlink-trai-phep-5057599.html,02bf8906a4d4
https://vnexpress.net/cac-phi-hanh-gia-lam-gi-trong-10-ngay-bay-quanh-mat-trang-5057489.html,a080f251d5bd
https://vnexpress.net/hang-nghin-nhan-vien-oracle-nhan-email-sa-thai-hieu-luc-trong-ngay-5057701.html,77a2d5eff04a
https://vnexpress.net/realme-p4-power-dien-thoai-co-pin-10-001-mah-5057408.html,218e23f81446
https://vnexpress.net/cach-phan-anh-vi-pham-giao-thong-qua-vneid-5057404.html,f4d531cac892
https://vnexpress.net/iphone-18-pro-se-co-dynamic-island-nho-hon-5056634.html,762ed2d385cb
https://vnexpress.net/nasa-phong-thanh-cong-tau-cho-nguoi-toi-mat-trang-sau-54-nam-5057388.html,5a5ce2bbd2df
https://vnexpress.net/nhieu-nguoi-tre-tro-lai-thoi-analog-5056708.html,cf0235c85f1e
https://vnexpress.net/nhiem-vu-mat-trang-artemis-ii-va-nhung-ky-luc-lan-dau-5057346.html,5af2412d2f96
https://vnexpress.net/co-quan-quan-ly-se-giam-sat-gia-dich-vu-starlink-tai-viet-nam-5057171.html,f48d023d7d79
https://vnexpress.net/apple-nua-the-ky-tao-nen-de-che-va-ap-luc-thoi-ai-5057052.html,8dcc5a4c36b5
https://vnexpress.net/ba-cong-cu-tao-video-ai-co-the-thay-the-sora-5056931.html,53b8496fd76a
https://vnexpress.net/ten-mien-vn-se-cap-phat-tu-do-sau-hai-lan-dau-gia-khong-thanh-5057110.html,c454d5caf456
https://vnexpress.net/nhung-diem-moi-cua-luat-so-huu-tri-tue-5057018.html,b9267bd40109
https://vnexpress.net/ai-co-the-xoa-so-hon-9-trieu-viec-lam-o-my-5056671.html,6c927c2d1598
https://vnexpress.net/luat-chuyen-giao-cong-nghe-sua-doi-co-hieu-luc-5056590.html,037d6e546325
https://vnexpress.net/nasa-chuan-bi-phong-tau-cho-nguoi-toi-mat-trang-5057152.html,de4bb7a56751
https://vnexpress.net/internet-ve-tinh-starlink-co-the-trien-khai-tai-viet-nam-khi-nao-5056396.html,80b3e25c6d87
https://vnexpress.net/day-chuyen-san-xuat-10-000-robot-hinh-nguoi-moi-nam-5056588.html,dd4de41d923d
https://vnexpress.net/dau-mo-hinh-thanh-va-duoc-khai-thac-the-nao-5056515.html,6f8d5a213981
https://vnexpress.net/hon-1-400-nhiem-vu-khoa-hoc-cong-nghe-trien-khai-tren-ca-nuoc-5056827.html,0116ecbb6a24
https://vnexpress.net/chatbot-xu-ninh-mat-trai-cua-ai-5056522.html,690e40a7d7df
https://vnexpress.net/hinh-dung-con-duong-cach-thiet-ke-chuong-trinh-cong-nghe-chien-luoc-5056633.html,90db18a78e84
https://vnexpress.net/chinh-sach-moi-ve-so-huu-tri-tue-co-hieu-luc-5056589.html,a452a78b4e94
https://vnexpress.net/ecovacs-x12-robot-dau-tien-co-he-thong-phun-nuoc-vao-vet-ban-5056505.html,28bee2bc4962
https://vnexpress.net/tranh-an-ban-quyen-nhieu-cong-dong-ebook-tai-viet-nam-dong-cua-5056210.html,506d3e6f79f6
https://vnexpress.net/lg-cai-tien-cong-nghe-hien-thi-tren-tv-oled-5056524.html,1feca56c533e
https://vnexpress.net/gia-smartphone-cao-cap-dang-tang-the-nao-tai-viet-nam-5056430.html,65cb17169845
https://vnexpress.net/sony-gan-nhu-ngung-mang-kinh-doanh-the-nho-5056306.html,f35c9f1f6489
https://vnexpress.net/ly-do-thuc-day-openai-dong-cua-sora-5056032.html,8027721feb40
https://vnexpress.net/nang-luong-re-at-chu-bai-cua-trung-quoc-trong-cuoc-dua-sieu-ai-5055655.html,3eeca8f75bc5
https://vnexpress.net/xac-tau-ngam-hat-nhan-ro-ri-phong-xa-duoi-day-bien-na-uy-5054777.html,66a47a139424
https://vnexpress.net/kiosk-thong-minh-giup-lam-thu-tuc-hanh-chinh-duoi-5-phut-5056486.html,5e189fd36f56
https://vnexpress.net/wikipedia-cam-noi-dung-ai-5056352.html,550af70875f8
https://vnexpress.net/bo-khoa-hoc-va-cong-nghe-xay-dung-danh-muc-ai-rui-ro-cao-5056376.html,6d7199f4dd73
https://vnexpress.net/dien-thoai-oppo-bat-dau-dung-duoc-airdrop-voi-iphone-5056319.html,eace905cc319
https://vnexpress.net/gia-ram-bat-ngo-giam-5056026.html,e289a9f2fc11
https://vnexpress.net/nha-sang-lap-thu-11-roi-xai-5056022.html,65863d5c7dbc
https://vnexpress.net/doanh-nghiep-viet-buoc-dau-lam-chu-cong-nghe-loi-5055967.html,3e1e07bdfea4
https://vnexpress.net/su-co-bi-an-khien-phi-hanh-gia-nasa-mat-kha-nang-noi-5055968.html,226f3be6c578
https://vnexpress.net/google-cho-dich-cuoc-noi-chuyen-truc-tiep-bang-iphone-5055797.html,136cf34719c1
https://vnexpress.net/lan-dau-ghi-hinh-ca-nha-tang-do-de-cho-dong-loai-5056094.html,397782689890
https://vnexpress.net/smartphone-tam-trung-dung-quat-tan-nhiet-5054871.html,e7f05fd3889e
https://vnexpress.net/cong-bo-522-thu-tuc-hanh-chinh-thuoc-bo-khoa-hoc-va-cong-nghe-5055861.html,45b7eeecf1ce
https://vnexpress.net/tai-sao-trung-dong-nhieu-dau-mo-5055704.html,ca59103183e2
https://vnexpress.net/trung-quoc-phat-trien-tau-lan-ngam-canh-sau-1-000-m-5055928.html,801982f6c491
https://vnexpress.net/phi-hanh-doan-artemis-ii-den-bai-phong-san-sang-toi-mat-trang-5055830.html,9ed3600eaf1f
https://vnexpress.net/poco-x8-pro-dien-thoai-8-trieu-dong-co-camera-ho-tro-ois-5055717.html,170de850f3fe
https://vnexpress.net/hanh-trinh-thau-tom-startup-ai-di-truoc-thoi-dai-deepmind-cua-google-5055311.html,9fb6cb58af57
https://vnexpress.net/bo-khoa-hoc-va-cong-nghe-lay-y-kien-sua-quy-chuan-quoc-gia-ve-xang-dau-5055685.html,1813691b27a7
https://vnexpress.net/nasa-se-chi-20-ty-usd-xay-can-cu-tren-mat-trang-5055267.html,2eea93779b1b
https://vnexpress.net/loat-tinh-nang-moi-tren-ios-26-4-5055425.html,37ee95294d48
https://vnexpress.net/lan-dau-tien-van-chuyen-thanh-cong-hat-phan-vat-chat-5055193.html,fe1ad98f60d5
https://vnexpress.net/jensen-huang-khong-hop-rieng-voi-cap-duoi-truc-tiep-5055416.html,9c9ddff5c765
https://vnexpress.net/apple-ngung-san-xuat-mac-pro-5055379.html,b80d0e403b3f
https://vnexpress.net/google-cong-bo-thuat-toan-nen-sieu-hieu-qua-cho-ai-5055319.html,62c43f075f87
https://vnexpress.net/sap-ap-dung-quy-chuan-an-toan-cho-smartphone-tai-viet-nam-5054879.html,25abeaa7747b
https://vnexpress.net/trieu-chung-la-khi-lam-dung-ai-5054321.html,3b3870d2679a
https://vnexpress.net/gia-han-nhan-ho-so-sang-kien-khoa-hoc-2026-5055190.html,e67de1d6589e
https://vnexpress.net/meta-va-google-bi-buoc-toi-tao-nen-tang-gay-hai-cho-gioi-tre-5054925.html,44daff6d7a2a
https://vnexpress.net/vat-the-nghi-manh-thien-thach-roi-thung-mai-nha-dan-5055061.html,31bd61232e9d
https://vnexpress.net/nha-dong-sang-lap-thu-10-roi-xai-5055013.html,5357f122753d
https://vnexpress.net/mark-zuckerberg-jensen-huang-lam-co-van-cong-nghe-cho-ong-trump-5055053.html,285398f55492
https://vnexpress.net/vivo-v70-smartphone-can-cao-cap-dung-ong-kinh-zeiss-5054875.html,d20632068fe1
https://vnexpress.net/mark-zuckerberg-thua-nhan-tung-giong-robot-vung-giao-tiep-5054400.html,ecb4eaf2caa9
https://vnexpress.net/robot-hinh-nguoi-cua-my-xuat-hien-cung-melania-trump-5054937.html,3ae8fc1a6ecf
https://vnexpress.net/nga-phong-ve-tinh-tao-mang-luoi-internet-canh-tranh-starlink-5054867.html,ae027e4441bd
https://vnexpress.net/nvidia-xay-thanh-tri-moi-sau-thanh-cong-voi-chip-ai-5054125.html,600a7ec24b44
https://vnexpress.net/robot-giao-hang-huc-vo-cua-kinh-ben-xe-buyt-5054643.html,af95512b6e19
https://vnexpress.net/viet-nam-quan-ly-ai-the-nao-theo-luat-moi-5054752.html,6aa8720874cd
https://vnexpress.net/galaxy-a57-va-a37-5g-nang-cap-cong-nghe-camera-ai-5054801.html,fc80c4a26edb
https://vnexpress.net/lap-san-giao-dich-tien-ma-hoa-giup-ngan-lua-dao-mang-5054816.html,29f0401b9ca7
https://vnexpress.net/openai-dong-cua-ung-dung-sora-5054547.html,a50e4a5e0610
https://vnexpress.net/mat-trai-cua-nghe-ban-du-lieu-ca-nhan-cho-ai-5053852.html,060d817340c9
https://vnexpress.net/elon-musk-muon-xay-duong-ray-phong-ve-tinh-tren-mat-trang-5054347.html,ed4ec8fe6ee2
https://vnexpress.net/can-lam-gi-khi-bi-that-lac-iphone-5053697.html,3c9773d0c64a
https://vnexpress.net/tien-si-phuc-trang-thanh-cong-giong-nep-tien-vua-5053635.html,fda86fcb5a22
https://vnexpress.net/apple-sap-ra-nen-tang-quan-tri-mien-phi-cho-doanh-nghiep-5054508.html,66b6e0f62958
https://vnexpress.net/iphone-gap-co-the-su-dung-kinh-bao-ve-dang-banh-kep-5053990.html,aa3afc5ce68e
https://vnexpress.net/vi-sao-starlink-chi-duoc-phep-co-600-000-thue-bao-tai-viet-nam-5054725.html,b1b1f7eead37
https://vnexpress.net/jensen-huang-sieu-tri-tue-agi-da-xuat-hien-5054170.html,0818a912f75b
https://vnexpress.net/google-maps-cap-nhat-ban-do-den-cap-xa-phuong-o-viet-nam-5054079.html,d08f5f863bb4
https://vnexpress.net/khi-hau-toan-cau-dang-trong-tinh-trang-khan-cap-5053996.html,dd3355747643
https://vnexpress.net/robot-hinh-nguoi-han-quoc-nhay-moonwalk-da-bong-5053719.html,784091dddcf8
https://vnexpress.net/bo-cong-cu-hack-khien-hang-trieu-iphone-co-the-gap-nguy-5054070.html,9b8dd9597912
https://vnexpress.net/apple-se-gioi-thieu-loat-tien-bo-ve-ai-ngay-8-6-5054233.html,32eef4b3d344
https://vnexpress.net/saramonic-air-se-micro-khu-on-bang-ai-cho-smartphone-5054177.html,e5cf6c0c64a9
https://vnexpress.net/ceo-cloudflare-luong-truy-cap-cua-bot-vuot-con-nguoi-nam-2027-5053915.html,ac004fe7e897
https://vnexpress.net/de-xuat-phat-20-30-trieu-dong-voi-nguoi-tao-tin-gia-tren-mang-5053910.html,ef3fea5de8ae
https://vnexpress.net/ly-do-heli-khong-the-thay-the-khi-san-xuat-chip-5053464.html,966c3fa24d9e
https://vnexpress.net/xay-danh-muc-cong-nghe-chien-luoc-tu-bai-toan-lon-5054388.html,297d0e77e3f2
https://vnexpress.net/ban-tai-khoan-youtube-netflix-spotify-dung-chung-co-the-bi-phat-50-trieu-dong-5053959.html,cd23d883bb9d
https://vnexpress.net/nhung-diem-moi-tren-he-dieu-hanh-xiaomi-hyperos-3-5053870.html,41388319b4bd
https://vnexpress.net/tau-cho-hang-nga-truc-trac-khi-phong-len-tram-iss-5053773.html,3cea02b8416e
https://vnexpress.net/chieu-lua-ho-tro-lay-lai-tien-no-ro-sau-vu-sap-san-onus-5053775.html,7672b18dcd06
https://vnexpress.net/loat-su-co-hai-huoc-cua-robot-hinh-nguoi-5053032.html,848c206deae9
https://vnexpress.net/musk-se-xay-hai-nha-may-chip-cho-robot-trung-tam-du-lieu-vu-tru-5053819.html,9c8e8fc1f287
https://vnexpress.net/giai-phap-phan-tich-song-nao-de-luyen-thi-gianh-giai-hackathon-ai-tai-viet-nam-5053794.html,905ecebc0093
https://vnexpress.net/ly-do-du-bao-lu-tren-cac-song-o-viet-nam-nhieu-sai-lech-5053716.html,935aa869a634
https://vnexpress.net/mark-zuckerberg-tao-tac-nhan-ceo-ho-tro-chinh-minh-5053611.html,3efdaf70b161
https://vnexpress.net/samsung-xac-nhan-galaxy-s26-ho-tro-airdrop-5053634.html,2b6e5ae22f13
https://vnexpress.net/vi-sao-mang-3g-iot-khong-bat-buoc-quan-ly-chat-luong-5053076.html,2aa8fdd6746b
https://vnexpress.net/5-tinh-nang-an-huu-ich-tren-iphone-5053355.html,2e7732726755
https://vnexpress.net/chieu-danh-trao-de-buon-lau-2-5-ty-usd-chip-ai-vao-trung-quoc-5053348.html,6334a414617d
https://vnexpress.net/iphone-18-co-the-hoi-sinh-dong-plus-5053356.html,4bd9907f9c33
https://vnexpress.net/dreame-x60-ultra-re-hon-ban-tien-nhiem-10-trieu-dong-5053358.html,d5cf39730318
https://vnexpress.net/man-hinh-5-5-trieu-dong-co-tan-so-quet-240-hz-5052375.html,81f97f3d7ef3
https://vnexpress.net/tp-hcm-tim-cach-go-nut-that-de-phat-trien-nganh-ban-dan-5053207.html,1dbc62c7a736
https://vnexpress.net/openai-dang-tao-sieu-ung-dung-tren-may-tinh-5053088.html,1db09bcbdd34
https://vnexpress.net/cac-nha-khoa-hoc-trung-cu-dai-bieu-quoc-hoi-khoa-16-5053335.html,76513e44322d
https://vnexpress.net/nha-khoa-hoc-chi-diem-nghen-khien-ket-qua-nghien-cuu-kho-ra-thi-truong-5053081.html,209be350a2db
https://vnexpress.net/thu-truong-vu-hai-quan-duoc-bau-lam-dai-bieu-quoc-hoi-khoa-16-5053333.html,2069d14a96d8
https://vnexpress.net/ve-tinh-nhat-thuc-nhan-tao-ket-noi-lai-voi-trai-dat-5053099.html,97ceeaa93d98
https://vnexpress.net/thiet-bi-tao-la-chan-thu-ba-cho-du-lieu-5053148.html,162ae31ed848
https://vnexpress.net/amazon-chuan-bi-quay-lai-thi-truong-smartphone-5053090.html,4746085482a5
https://vnexpress.net/ba-ten-mien-hai-ky-tu-duoc-dau-gia-gan-hai-ty-dong-5053079.html,648bc27108e6
https://vnexpress.net/oppo-find-n6-smartphone-an-nep-gap-ho-tro-but-ai-5052845.html,fbfd5e068fc5
https://vnexpress.net/300-000-doanh-nghiep-nho-va-vua-se-duoc-ho-tro-dung-ai-5052954.html,82bbc1becb20
https://vnexpress.net/viet-nam-dang-su-dung-cac-mat-than-theo-doi-thoi-tiet-the-nao-5052408.html,e5dbbb1154b5
https://vnexpress.net/can-uu-tien-bao-ve-du-lieu-ca-nhan-trong-nen-kinh-te-so-5053051.html,ed87e4d7589f
https://vnexpress.net/nguoi-my-san-lung-manh-vo-cua-thien-thach-7-tan-5052733.html,eead4956b16a
https://vnexpress.net/robot-hinh-nguoi-choi-tennis-voi-nguoi-that-5052334.html,50151a7f08c3
https://vnexpress.net/doanh-so-iphone-tang-manh-tai-trung-quoc-5052475.html,151fccb73dfe
https://vnexpress.net/tp-hcm-ra-mat-cho-cong-nghe-phien-ban-moi-5052808.html,1a68e6b10918
https://vnexpress.net/cum-san-ho-hon-2-000-nam-tuoi-moc-canh-mieng-nui-lua-5052528.html,8ac8c73dfab5
https://vnexpress.net/memories-ai-cong-ty-tao-ky-uc-cho-robot-va-thiet-bi-deo-5052150.html,f7b5adc8a7e7
https://vnexpress.net/laptop-hp-tich-hop-ai-rut-ngan-thoi-gian-xu-ly-da-nhiem-5053024.html,4fa837601432
https://vnexpress.net/ha-noi-dat-hang-nha-khoa-hoc-giai-30-bai-toan-lon-5052469.html,5f00e3b5e034
https://vnexpress.net/robot-hinh-nguoi-bi-loi-khoi-nha-hang-vi-mat-kiem-soat-5052313.html,63bc707e45c0
https://vnexpress.net/poco-x8-pro-max-cau-hinh-manh-pin-8-500-mah-5052003.html,c4fb6442eab1
